매매일,신호일,구분,사유,섹터,역할,현재역할,코드,종목,차수,수량,가격,매매금액,수수료세금,실현손익,현금,메모
2023-08-07,2023-08-04,매수,대장주 1차,엔터/게임,대장주,현재대장,352820,하이브,1,44,268000.0,11792000.0,27122.0,0.0,88180878.0,다음거래일 시가
2023-08-14,2023-08-11,매도,전량회수 신호,엔터/게임,대장주,현재2등대표,352820,하이브,1,44,250000.0,11000000.0,25300.0,-844422.0,99155578.0,다음거래일 시가
2023-08-17,2023-08-16,매수,대장주 1차,PCB,대장주,현재대장,007660,이수페타시스,1,172,28786.0,4951192.0,11388.0,0.0,94192999.0,다음거래일 시가
2023-08-18,2023-08-17,매수,대장주 1차,금융,대장주,현재대장,105560,KB금융,1,97,51200.0,4966400.0,11423.0,0.0,89215176.0,다음거래일 시가
2023-08-21,2023-08-18,매도,대장주 +18% 전량익절,PCB,대장주,현재대장,007660,이수페타시스,1,172,34670.0,5963240.0,13715.0,986945.0,95164700.0,다음거래일 시가
2023-08-21,2023-08-18,매수,대장주 1차,운송/해운,대장주,현재대장,011200,HMM,1,283,17650.0,4994950.0,11488.0,0.0,90158262.0,다음거래일 시가
2023-09-15,2023-09-14,매수,2등대표주 1차,금융,2등대표주,현재2등대표,086790,하나금융지주,1,143,41750.0,5970250.0,13732.0,0.0,84174281.0,다음거래일 시가
2023-09-15,2023-09-14,매수,대장주 2차 눌림,운송/해운,대장주,현재대장,011200,HMM,2,377,15900.0,5994300.0,13787.0,0.0,78166194.0,다음거래일 시가
2023-09-18,2023-09-15,매도,대장주 +10% 1차익절,금융,대장주,현재대장,105560,KB금융,1,49,56200.0,2753800.0,6334.0,232896.0,80913660.0,다음거래일 시가
2023-09-21,2023-09-20,매도,2등대표주 +5% 익절,금융,2등대표주,현재대장,086790,하나금융지주,1,143,44400.0,6349200.0,14603.0,350615.0,87248257.0,다음거래일 시가
2023-10-06,2023-10-05,매도,전량회수 신호,금융,대장주,현재대장,105560,KB금융,1,48,53700.0,2577600.0,5928.0,108419.0,89819928.0,다음거래일 시가
2023-10-06,2023-10-05,매수,대장주 3차 눌림,운송/해운,대장주,현재대장,011200,HMM,3,97,15460.0,1499620.0,3449.0,0.0,88316859.0,다음거래일 시가
2023-10-06,2023-10-05,매수,대장주 1차,지주/밸류업,대장주,현재대장,000150,두산,1,54,91200.0,4924800.0,11327.0,0.0,83380732.0,다음거래일 시가
2023-10-11,2023-10-10,매도,대장주 역할이탈 손실축소 -8% 일부회수,운송/해운,대장주,현재2등대표,011200,HMM,3,379,15040.0,5700160.0,13110.0,-580015.0,89067782.0,다음거래일 시가
2023-10-11,2023-10-10,매도,전량회수 신호,지주/밸류업,대장주,현재대장,000150,두산,1,54,86900.0,4692600.0,10793.0,-254320.0,93749589.0,다음거래일 시가
2023-10-11,2023-10-10,매수,대장주 1차,방산/우주,대장주,현재대장,012450,한화에어로스페이스,1,48,103188.0,4953024.0,11392.0,0.0,88785173.0,다음거래일 시가
2023-10-12,2023-10-11,매도,대장주 역할이탈 손실축소 -8% 일부회수,운송/해운,대장주,현재2등대표,011200,HMM,3,189,15180.0,2869020.0,6599.0,-262843.0,91647594.0,다음거래일 시가
2023-10-13,2023-10-12,매도,대장주 역할이탈 손실축소 -8% 일부회수,운송/해운,대장주,감시,011200,HMM,3,95,14890.0,1414550.0,3253.0,-159604.0,93058891.0,다음거래일 시가
2023-10-16,2023-10-13,매도,대장주 역할이탈 손실축소 -8% 일부회수,운송/해운,대장주,현재2등대표,011200,HMM,3,47,14400.0,676800.0,1557.0,-101939.0,93734134.0,다음거래일 시가
2023-10-17,2023-10-16,매도,대장주 역할이탈 손실축소 -8% 일부회수,운송/해운,대장주,현재2등대표,011200,HMM,3,24,14710.0,353040.0,812.0,-44631.0,94086362.0,다음거래일 시가
2023-10-17,2023-10-16,매수,대장주 1차,운송/해운,대장주,현재대장,003490,대한항공,1,250,19870.0,4967500.0,11425.0,0.0,89107437.0,다음거래일 시가
2023-10-18,2023-10-17,매도,대장주 역할이탈 손실축소 -8% 일부회수,운송/해운,대장주,현재2등대표,011200,HMM,3,12,14670.0,176040.0,405.0,-22794.0,89283072.0,다음거래일 시가
2023-10-23,2023-10-20,매수,대장주 2차 눌림,방산/우주,대장주,현재대장,012450,한화에어로스페이스,2,26,91881.0,2388906.0,5494.0,0.0,86888671.0,다음거래일 시가
2023-10-31,2023-10-30,매도,대장주 역할이탈 손실축소 -8% 일부회수,운송/해운,대장주,현재2등대표,011200,HMM,3,6,14990.0,89940.0,207.0,-9482.0,86978404.0,다음거래일 시가
2023-11-01,2023-10-31,매도,대장주 역할이탈 손실축소 -8% 일부회수,운송/해운,대장주,현재2등대표,011200,HMM,3,3,14600.0,43800.0,101.0,-5908.0,87022104.0,다음거래일 시가
2023-11-02,2023-11-01,매도,대장주 +10% 1차익절,방산/우주,대장주,현재대장,012450,한화에어로스페이스,2,37,117553.0,4349461.0,10004.0,660049.0,91361561.0,다음거래일 시가
2023-11-02,2023-11-01,매도,대장주 역할이탈 손실축소 -8% 일부회수,운송/해운,대장주,감시,011200,HMM,3,1,15010.0,15010.0,35.0,-1560.0,91376536.0,다음거래일 시가
2023-11-03,2023-11-02,매도,대장주 +18% 전량익절,방산/우주,대장주,현재대장,012450,한화에어로스페이스,2,37,117551.0,4349387.0,10004.0,659975.0,95715920.0,다음거래일 시가
2023-11-03,2023-11-02,매도,대장주 역할이탈 손실축소 -8% 일부회수,운송/해운,대장주,현재2등대표,011200,HMM,3,1,15030.0,15030.0,35.0,-1540.0,95730915.0,다음거래일 시가
2023-11-07,2023-11-06,매수,2등대표주 1차,로봇,2등대표주,현재2등대표,319400,현대무벡스,1,1906,3180.0,6061080.0,13940.0,0.0,89655895.0,다음거래일 시가
2023-11-07,2023-11-06,매수,대장주 1차,로봇,대장주,현재대장,277810,레인보우로보틱스,1,70,171700.0,12019000.0,27644.0,0.0,77609251.0,다음거래일 시가
2023-11-08,2023-11-07,매도,2등대표주 +5% 익절,로봇,2등대표주,현재2등대표,319400,현대무벡스,1,1906,3365.0,6413690.0,14751.0,323918.0,84008190.0,다음거래일 시가
2023-11-09,2023-11-08,매도,일부팔기/발빼기 신호,로봇,대장주,현재대장,277810,레인보우로보틱스,1,35,165100.0,5778500.0,13291.0,-258112.0,89773399.0,다음거래일 시가
2023-11-14,2023-11-13,매도,대장주 역할이탈 손실축소 -8% 일부회수,로봇,대장주,현재2등대표,277810,레인보우로보틱스,1,18,152200.0,2739600.0,6301.0,-364409.0,92506698.0,다음거래일 시가
2023-11-15,2023-11-14,매도,대장주 역할이탈 손실축소 -8% 일부회수,로봇,대장주,현재2등대표,277810,레인보우로보틱스,1,9,158100.0,1422900.0,3273.0,-129227.0,93926325.0,다음거래일 시가
2023-11-16,2023-11-15,매도,대장주 +10% 1차익절,운송/해운,대장주,현재대장,003490,대한항공,1,125,21950.0,2743750.0,6311.0,247977.0,96663765.0,다음거래일 시가
2023-11-20,2023-11-17,매수,2등대표주 2차 눌림,로봇,2등대표주,현재2등대표,277810,레인보우로보틱스,2,22,160100.0,3522200.0,8101.0,0.0,93133464.0,다음거래일 시가
2023-11-29,2023-11-28,매도,2등대표주 +5% 익절,로봇,2등대표주,현재대장,277810,레인보우로보틱스,2,30,188800.0,5664000.0,13027.0,743912.0,98784436.0,다음거래일 시가
2023-11-29,2023-11-28,매수,2등대표주 1차,조선/기계,2등대표주,현재2등대표,009540,HD한국조선해양,1,65,108300.0,7039500.0,16191.0,0.0,91728746.0,다음거래일 시가
2023-11-29,2023-11-28,매수,대장주 1차,조선/기계,대장주,현재대장,042660,한화오션,1,545,26050.0,14197250.0,32654.0,0.0,77498842.0,다음거래일 시가
2023-12-04,2023-12-01,매도,일부팔기/발빼기 신호,조선/기계,대장주,현재대장,042660,한화오션,1,273,27650.0,7548450.0,17361.0,403082.0,85029930.0,다음거래일 시가
2023-12-05,2023-12-04,매도,2등대표주 +5% 익절,조선/기계,2등대표주,현재회전형,009540,HD한국조선해양,1,65,114300.0,7429500.0,17088.0,356721.0,92442343.0,다음거래일 시가
2023-12-05,2023-12-04,매도,일부팔기/발빼기 신호,조선/기계,대장주,현재대장,042660,한화오션,1,136,26650.0,3624400.0,8336.0,65115.0,96058406.0,다음거래일 시가
2023-12-07,2023-12-06,매수,대장주 재진입허용 1차,조선/기계,대장주,현재대장,042660,한화오션,1,231,26600.0,6144600.0,14133.0,0.0,89899674.0,다음거래일 시가
2023-12-07,2023-12-06,매수,2등대표주 1차,조선/기계,2등대표주,현재2등대표,329180,HD현대중공업,1,49,123900.0,6071100.0,13964.0,0.0,83814610.0,다음거래일 시가
2023-12-11,2023-12-08,매도,전량회수 신호,조선/기계,대장주,현재대장,042660,한화오션,1,367,25750.0,9450250.0,21736.0,-281167.0,93243125.0,다음거래일 시가
2023-12-12,2023-12-11,매도,전량회수 신호,조선/기계,2등대표주,감시,329180,HD현대중공업,1,49,122000.0,5978000.0,13749.0,-120813.0,99207375.0,다음거래일 시가
2023-12-13,2023-12-12,매수,2등대표주 1차,자동차,2등대표주,현재2등대표,005380,현대차,1,33,185300.0,6114900.0,14064.0,0.0,93078411.0,다음거래일 시가
2023-12-13,2023-12-12,매수,대장주 1차,자동차,대장주,현재대장,000270,기아,1,140,87400.0,12236000.0,28143.0,0.0,80814268.0,다음거래일 시가
2023-12-18,2023-12-15,매도,대장주 +18% 전량익절,운송/해운,대장주,현재2등대표,003490,대한항공,1,125,23700.0,2962500.0,6814.0,466224.0,83769955.0,다음거래일 시가
2023-12-18,2023-12-15,매수,대장주 1차,조선/기계,대장주,현재대장,042660,한화오션,1,448,27450.0,12297600.0,28284.0,0.0,71444070.0,다음거래일 시가
2023-12-21,2023-12-20,매도,2등대표주 +5% 익절,자동차,2등대표주,현재2등대표,005380,현대차,1,33,197500.0,6517500.0,14990.0,373545.0,77946580.0,다음거래일 시가
2023-12-26,2023-12-22,매도,전량회수 신호,조선/기계,대장주,현재대장,042660,한화오션,1,448,25100.0,11244800.0,25863.0,-1106948.0,89165517.0,다음거래일 시가
2023-12-26,2023-12-22,매수,2등대표주 1차,방산/우주,2등대표주,현재2등대표,012450,한화에어로스페이스,1,47,129877.0,6104219.0,14040.0,0.0,83047258.0,다음거래일 시가
2023-12-28,2023-12-27,매도,대장주 +10% 1차익절,자동차,대장주,현재대장,000270,기아,1,70,98100.0,6867000.0,15794.0,719134.0,89898464.0,다음거래일 시가
2024-01-04,2024-01-03,매수,대장주 재진입허용 1차,자동차,대장주,현재대장,000270,기아,1,66,93000.0,6138000.0,14117.0,0.0,83746347.0,다음거래일 시가
2024-01-04,2024-01-03,매수,2등대표주 1차,자동차,2등대표주,현재2등대표,005380,현대차,1,32,192000.0,6144000.0,14131.0,0.0,77588215.0,다음거래일 시가
2024-01-05,2024-01-04,매수,대장주 1차,방산/우주,대장주,현재대장,079550,LIG넥스원,1,97,126800.0,12299600.0,28289.0,0.0,65260326.0,다음거래일 시가
2024-01-11,2024-01-10,매도,2등대표주 +5% 익절,방산/우주,2등대표주,현재대장,012450,한화에어로스페이스,1,47,139453.0,6554291.0,15075.0,420957.0,71799542.0,다음거래일 시가
2024-01-18,2024-01-17,매수,대장주 2차 눌림,자동차,대장주,현재대장,005380,현대차,2,14,180000.0,2520000.0,5796.0,0.0,69273746.0,다음거래일 시가
2024-01-19,2024-01-18,매수,대장주 1차,방산/우주,대장주,현재대장,012450,한화에어로스페이스,1,34,145158.0,4935372.0,11351.0,0.0,64327023.0,다음거래일 시가
2024-01-26,2024-01-25,매도,대장주 역할이탈 손실축소 -8% 일부회수,방산/우주,대장주,감시,079550,LIG넥스원,1,49,116000.0,5684000.0,13073.0,-556564.0,69997950.0,다음거래일 시가
2024-01-29,2024-01-26,매도,대장주 역할이탈 손실축소 -8% 일부회수,방산/우주,대장주,현재2등대표,079550,LIG넥스원,1,24,113200.0,2716800.0,6249.0,-339648.0,72708501.0,다음거래일 시가
2024-01-30,2024-01-29,매도,대장주 역할이탈 손실축소 -8% 일부회수,방산/우주,대장주,현재2등대표,079550,LIG넥스원,1,12,108400.0,1300800.0,2992.0,-227292.0,74006309.0,다음거래일 시가
2024-01-31,2024-01-30,매도,대장주 역할이탈 손실축소 -8% 일부회수,방산/우주,대장주,현재2등대표,079550,LIG넥스원,1,6,104900.0,629400.0,1448.0,-134597.0,74634262.0,다음거래일 시가
2024-01-31,2024-01-30,매수,대장주 2차 눌림,방산/우주,대장주,현재대장,012450,한화에어로스페이스,2,18,135583.0,2440494.0,5613.0,0.0,72188155.0,다음거래일 시가
2024-02-01,2024-01-31,매도,대장주 역할이탈 손실축소 -8% 일부회수,방산/우주,대장주,감시,079550,LIG넥스원,1,3,104500.0,313500.0,721.0,-68496.0,72500934.0,다음거래일 시가
2024-02-01,2024-01-31,매수,대장주 1차,방산/우주,대장주,현재대장,064350,현대로템,1,183,28100.0,5142300.0,11827.0,0.0,67346806.0,다음거래일 시가
2024-02-02,2024-02-01,매도,대장주 +10% 1차익절,자동차,대장주,현재대장,005380,현대차,2,23,221500.0,5094500.0,11717.0,740819.0,72429589.0,다음거래일 시가
2024-02-02,2024-02-01,매도,대장주 역할이탈 손실축소 -8% 일부회수,방산/우주,대장주,감시,079550,LIG넥스원,1,2,105200.0,210400.0,484.0,-44267.0,72639505.0,다음거래일 시가
2024-02-05,2024-02-02,매도,대장주 +18% 전량익절,자동차,대장주,현재대장,005380,현대차,2,23,233500.0,5370500.0,12352.0,1016184.0,77997653.0,다음거래일 시가
2024-02-05,2024-02-02,매도,대장주 +18% 전량익절,자동차,대장주,현재2등대표,000270,기아,1,136,119600.0,16265600.0,37411.0,3944000.0,94225842.0,다음거래일 시가
2024-02-05,2024-02-02,매도,대장주 역할이탈 손실축소 -8% 일부회수,방산/우주,대장주,감시,079550,LIG넥스원,1,1,107300.0,107300.0,247.0,-20038.0,94332895.0,다음거래일 시가
2024-02-08,2024-02-07,매수,대장주 1차,방산/우주,대장주,현재대장,079550,LIG넥스원,1,111,114200.0,12676200.0,29155.0,0.0,81627540.0,다음거래일 시가
2024-02-08,2024-02-07,매수,대장주 1차,운송/해운,대장주,현재대장,011200,HMM,1,675,18900.0,12757500.0,29342.0,0.0,68840698.0,다음거래일 시가
2024-02-14,2024-02-13,매수,대장주 2차 눌림,운송/해운,대장주,현재대장,011200,HMM,2,362,17610.0,6374820.0,14662.0,0.0,62451216.0,다음거래일 시가
2024-02-15,2024-02-14,매도,대장주 +10% 1차익절,방산/우주,대장주,현재2등대표,079550,LIG넥스원,1,56,129300.0,7240800.0,16654.0,814237.0,69675362.0,다음거래일 시가
2024-02-15,2024-02-14,매도,전량회수 신호,운송/해운,대장주,현재대장,011200,HMM,2,1037,17940.0,18603780.0,42789.0,-615333.0,88236353.0,다음거래일 시가
2024-02-15,2024-02-14,매수,2등대표주 1차,엔터/게임,2등대표주,현재2등대표,035900,JYP Ent.,1,83,77600.0,6440800.0,14814.0,0.0,81780739.0,다음거래일 시가
2024-02-15,2024-02-14,매수,대장주 1차,엔터/게임,대장주,현재대장,352820,하이브,1,58,220500.0,12789000.0,29415.0,0.0,68962325.0,다음거래일 시가
2024-02-19,2024-02-16,매수,대장주 2차 눌림,엔터/게임,대장주,현재대장,352820,하이브,2,30,208500.0,6255000.0,14386.0,0.0,62692938.0,다음거래일 시가
2024-02-21,2024-02-20,매도,대장주 +10% 1차익절,방산/우주,대장주,현재대장,012450,한화에어로스페이스,2,26,158095.0,4110470.0,9454.0,404601.0,66793954.0,다음거래일 시가
2024-02-22,2024-02-21,매도,대장주 +18% 전량익절,방산/우주,대장주,현재대장,079550,LIG넥스원,1,55,135600.0,7458000.0,17153.0,1145400.0,74234801.0,다음거래일 시가
2024-02-23,2024-02-22,매도,대장주 +18% 전량익절,방산/우주,대장주,현재대장,064350,현대로템,1,183,33950.0,6212850.0,14290.0,1044433.0,80433361.0,다음거래일 시가
2024-02-27,2024-02-26,매도,대장주 +18% 전량익절,방산/우주,대장주,현재대장,012450,한화에어로스페이스,2,26,170216.0,4425616.0,10179.0,719022.0,84848798.0,다음거래일 시가
2024-02-29,2024-02-28,매수,대장주 1차,철강/비철,대장주,현재대장,005490,POSCO홀딩스,1,29,435500.0,12629500.0,29048.0,0.0,72190250.0,다음거래일 시가
2024-03-04,2024-02-29,매도,대장주 역할이탈 손실축소 -8% 일부회수,엔터/게임,대장주,현재2등대표,352820,하이브,2,44,199200.0,8764800.0,20159.0,-799260.0,80934891.0,다음거래일 시가
2024-03-05,2024-03-04,매수,2등대표주 2차 눌림,엔터/게임,2등대표주,현재2등대표,035900,JYP Ent.,2,53,72600.0,3847800.0,8850.0,0.0,77078241.0,다음거래일 시가
2024-03-05,2024-03-04,매수,대장주 3차 눌림,엔터/게임,대장주,현재대장,352820,하이브,3,20,192700.0,3854000.0,8864.0,0.0,73215377.0,다음거래일 시가
2024-03-06,2024-03-05,매도,전량회수 신호,엔터/게임,2등대표주,현재2등대표,035900,JYP Ent.,2,136,70800.0,9628800.0,22146.0,-705610.0,82822031.0,다음거래일 시가
2024-03-07,2024-03-06,매도,대장주 역할이탈 손실축소 -8% 일부회수,엔터/게임,대장주,현재2등대표,352820,하이브,3,32,187500.0,6000000.0,13800.0,-717182.0,88808231.0,다음거래일 시가
2024-03-08,2024-03-07,매도,대장주 역할이탈 손실축소 -8% 일부회수,엔터/게임,대장주,현재2등대표,352820,하이브,3,16,187800.0,3004800.0,6911.0,-353802.0,91806120.0,다음거래일 시가
2024-03-11,2024-03-08,매수,대장주 재진입허용 1차,엔터/게임,대장주,현재대장,352820,하이브,3,33,194600.0,6421800.0,14770.0,0.0,85369550.0,다음거래일 시가
2024-03-11,2024-03-08,매수,2등대표주 1차,엔터/게임,2등대표주,현재2등대표,035900,JYP Ent.,1,94,68300.0,6420200.0,14766.0,0.0,78934583.0,다음거래일 시가
2024-03-13,2024-03-12,매도,2등대표주 +5% 익절,엔터/게임,2등대표주,현재2등대표,035900,JYP Ent.,1,94,72200.0,6786800.0,15610.0,336224.0,85705774.0,다음거래일 시가
2024-03-27,2024-03-26,매수,대장주 1차,엔터/게임,대장주,현재대장,035900,JYP Ent.,1,182,71200.0,12958400.0,29804.0,0.0,72717569.0,다음거래일 시가
2024-03-28,2024-03-27,매도,대장주 +10% 1차익절,엔터/게임,대장주,현재대장,352820,하이브,3,25,226500.0,5662500.0,13024.0,655465.0,78367045.0,다음거래일 시가
2024-03-29,2024-03-28,매수,2등대표주 1차,철강/비철,2등대표주,현재2등대표,004020,현대제철,1,204,31950.0,6517800.0,14991.0,0.0,71834255.0,다음거래일 시가
2024-04-01,2024-03-29,매도,일부팔기/발빼기 신호,엔터/게임,대장주,현재대장,352820,하이브,3,12,233500.0,2802000.0,6445.0,398430.0,74629810.0,다음거래일 시가
2024-04-03,2024-04-02,매수,대장주 2차 눌림,철강/비철,대장주,현재대장,005490,POSCO홀딩스,2,16,400000.0,6400000.0,14720.0,0.0,68215090.0,다음거래일 시가
2024-04-05,2024-04-04,매수,2등대표주 1차,철강/비철,2등대표주,현재2등대표,010130,고려아연,1,14,458000.0,6412000.0,14748.0,0.0,61788342.0,다음거래일 시가
2024-04-09,2024-04-08,매도,전량회수 신호,엔터/게임,대장주,현재2등대표,035900,JYP Ent.,1,182,67100.0,12212200.0,28088.0,-804092.0,73972454.0,다음거래일 시가
2024-04-16,2024-04-15,매도,2등대표주 +5% 익절,철강/비철,2등대표주,현재2등대표,010130,고려아연,1,14,486000.0,6804000.0,15649.0,361603.0,80760805.0,다음거래일 시가
2024-04-23,2024-04-22,매수,대장주 재진입허용 1차,엔터/게임,대장주,현재대장,352820,하이브,3,12,209000.0,2508000.0,5768.0,0.0,78247037.0,다음거래일 시가
2024-05-03,2024-05-02,매도,전량회수 신호,엔터/게임,대장주,현재대장,352820,하이브,3,24,201500.0,4836000.0,11123.0,-86016.0,83071914.0,다음거래일 시가
2024-05-20,2024-05-17,매수,2등대표주 1차,방산/우주,2등대표주,현재2등대표,064350,현대로템,1,171,37550.0,6421050.0,14768.0,0.0,76636095.0,다음거래일 시가
2024-05-21,2024-05-20,매수,2등대표주 1차,철강/비철,2등대표주,현재2등대표,010130,고려아연,1,12,535000.0,6420000.0,14766.0,0.0,70201329.0,다음거래일 시가
2024-05-29,2024-05-28,매도,2등대표주 +5% 익절,방산/우주,2등대표주,현재2등대표,064350,현대로템,1,171,39700.0,6788700.0,15614.0,337268.0,76974415.0,다음거래일 시가
2024-05-29,2024-05-28,매수,대장주 1차,방산/우주,대장주,현재대장,012450,한화에어로스페이스,1,56,227668.0,12749408.0,29324.0,0.0,64195684.0,다음거래일 시가
2024-05-30,2024-05-29,매도,2등대표주 역할이탈 손실축소 -5% 전량회수,철강/비철,2등대표주,현재회전형,004020,현대제철,1,204,30050.0,6130200.0,14099.0,-416690.0,70311784.0,다음거래일 시가
2024-06-07,2024-06-05,매도,전량회수 신호,방산/우주,대장주,현재대장,012450,한화에어로스페이스,1,56,214427.0,12007912.0,27618.0,-798438.0,82292078.0,다음거래일 시가
2024-06-13,2024-06-12,매도,2등대표주 역할이탈 손실축소 -5% 전량회수,철강/비철,2등대표주,감시,010130,고려아연,1,12,491500.0,5898000.0,13565.0,-550331.0,88176513.0,다음거래일 시가
2024-06-20,2024-06-19,매수,2등대표주 1차,조선/기계,2등대표주,현재2등대표,042660,한화오션,1,189,33150.0,6265350.0,14410.0,0.0,81896752.0,다음거래일 시가
2024-06-20,2024-06-19,매수,대장주 1차,조선/기계,대장주,현재대장,009540,HD한국조선해양,1,85,147200.0,12512000.0,28778.0,0.0,69355975.0,다음거래일 시가
2024-06-20,2024-06-19,매수,대장주 3차 눌림,철강/비철,대장주,현재대장,005490,POSCO홀딩스,3,10,372000.0,3720000.0,8556.0,0.0,65627419.0,다음거래일 시가
2024-06-27,2024-06-26,매수,2등대표주 1차,철강/비철,2등대표주,현재2등대표,010130,고려아연,1,12,517000.0,6204000.0,14269.0,0.0,59409150.0,다음거래일 시가
2024-06-28,2024-06-27,매도,2등대표주 역할이탈 손실축소 -5% 전량회수,조선/기계,2등대표주,감시,042660,한화오션,1,189,29750.0,5622750.0,12932.0,-669943.0,65018967.0,다음거래일 시가
2024-07-02,2024-07-01,매도,일부팔기/발빼기 신호,조선/기계,대장주,현재2등대표,009540,HD한국조선해양,1,43,159000.0,6837000.0,15725.0,477117.0,71840242.0,다음거래일 시가
2024-07-11,2024-07-10,매도,대장주 +10% 1차익절,조선/기계,대장주,현재대장,009540,HD한국조선해양,1,21,165500.0,3475500.0,7994.0,369197.0,75307749.0,다음거래일 시가
2024-07-11,2024-07-10,매수,2등대표주 1차,조선/기계,2등대표주,현재2등대표,329180,HD현대중공업,1,40,155800.0,6232000.0,14334.0,0.0,69061415.0,다음거래일 시가
2024-07-17,2024-07-16,매도,대장주 +18% 전량익절,조선/기계,대장주,현재대장,009540,HD한국조선해양,1,21,180000.0,3780000.0,8694.0,672996.0,72832721.0,다음거래일 시가
2024-07-17,2024-07-16,매도,2등대표주 +5% 익절,조선/기계,2등대표주,현재2등대표,329180,HD현대중공업,1,40,168600.0,6744000.0,15511.0,482155.0,79561210.0,다음거래일 시가
2024-07-17,2024-07-16,매수,2등대표주 1차,지주/밸류업,2등대표주,현재2등대표,028260,삼성물산,1,41,154000.0,6314000.0,14522.0,0.0,73232688.0,다음거래일 시가
2024-07-17,2024-07-16,매수,대장주 1차,지주/밸류업,대장주,현재대장,000150,두산,1,57,223000.0,12711000.0,29235.0,0.0,60492452.0,다음거래일 시가
2024-07-18,2024-07-17,매도,전량회수 신호,지주/밸류업,대장주,감시,000150,두산,1,57,222500.0,12682500.0,29170.0,-86905.0,73145783.0,다음거래일 시가
2024-07-19,2024-07-18,매도,전량회수 신호,철강/비철,대장주,현재대장,005490,POSCO홀딩스,3,55,365000.0,20075000.0,46172.0,-2772996.0,93174610.0,다음거래일 시가
2024-07-26,2024-07-25,매도,2등대표주 역할이탈 손실축소 -5% 전량회수,지주/밸류업,2등대표주,감시,028260,삼성물산,1,41,147600.0,6051600.0,13919.0,-290841.0,99212291.0,다음거래일 시가
2024-08-14,2024-08-13,매수,대장주 1차,음식료,대장주,현재대장,003230,삼양식품,1,9,581000.0,5229000.0,12027.0,0.0,93971265.0,다음거래일 시가
2024-08-19,2024-08-16,매수,대장주 2차 눌림,음식료,대장주,현재대장,003230,삼양식품,2,4,551000.0,2204000.0,5069.0,0.0,91762195.0,다음거래일 시가
2024-08-21,2024-08-20,매도,전량회수 신호,음식료,대장주,현재대장,003230,삼양식품,2,13,520000.0,6760000.0,15548.0,-705644.0,98506647.0,다음거래일 시가
2024-08-21,2024-08-20,매수,대장주 1차,금융,대장주,현재대장,105560,KB금융,1,58,89600.0,5196800.0,11953.0,0.0,93297895.0,다음거래일 시가
2024-08-22,2024-08-21,매수,대장주 1차,철강/비철,대장주,현재대장,005490,POSCO홀딩스,1,15,333000.0,4995000.0,11488.0,0.0,88291406.0,다음거래일 시가
2024-08-28,2024-08-27,매도,2등대표주 +5% 익절,철강/비철,2등대표주,현재2등대표,010130,고려아연,1,12,545000.0,6540000.0,15042.0,306689.0,94816364.0,다음거래일 시가
2024-09-10,2024-09-09,매수,대장주 2차 눌림,금융,대장주,현재대장,105560,KB금융,2,31,82700.0,2563700.0,5897.0,0.0,92246768.0,다음거래일 시가
2024-09-12,2024-09-11,매수,대장주 3차 눌림,금융,대장주,현재대장,105560,KB금융,3,20,77900.0,1558000.0,3583.0,0.0,90685184.0,다음거래일 시가
2024-09-19,2024-09-13,매도,대장주 +10% 1차익절,철강/비철,대장주,현재2등대표,005490,POSCO홀딩스,1,8,371000.0,2968000.0,6826.0,291046.0,93646358.0,다음거래일 시가
2024-10-15,2024-10-14,매도,대장주 +10% 1차익절,금융,대장주,현재대장,105560,KB금융,3,55,96000.0,5280000.0,12144.0,555046.0,98914214.0,다음거래일 시가
2024-10-21,2024-10-18,매도,전량회수 신호,철강/비철,대장주,현재2등대표,005490,POSCO홀딩스,1,7,345500.0,2418500.0,5563.0,76576.0,101327151.0,다음거래일 시가
2024-11-12,2024-11-11,매수,대장주 1차,PCB,대장주,현재대장,007660,이수페타시스,1,223,23826.0,5313198.0,12220.0,0.0,96001733.0,다음거래일 시가
2024-11-14,2024-11-13,매도,전량회수 신호,PCB,대장주,현재대장,007660,이수페타시스,1,223,23874.0,5323902.0,12245.0,-13761.0,101313390.0,다음거래일 시가
2024-11-14,2024-11-13,매수,대장주 1차,철강/비철,대장주,현재대장,005490,POSCO홀딩스,1,18,289000.0,5202000.0,11965.0,0.0,96099426.0,다음거래일 시가
2024-11-15,2024-11-14,매수,대장주 재진입허용 1차,금융,대장주,현재대장,105560,KB금융,3,29,90400.0,2621600.0,6030.0,0.0,93471796.0,다음거래일 시가
2024-11-19,2024-11-18,매도,전량회수 신호,철강/비철,대장주,현재대장,005490,POSCO홀딩스,1,18,287000.0,5166000.0,11882.0,-59846.0,98625914.0,다음거래일 시가
2024-11-19,2024-11-18,매수,대장주 1차,자동차,대장주,현재대장,005380,현대차,1,24,217000.0,5208000.0,11978.0,0.0,93405936.0,다음거래일 시가
2024-12-06,2024-12-05,매수,대장주 2차 눌림,자동차,대장주,현재대장,005380,현대차,2,12,203500.0,2442000.0,5617.0,0.0,90958319.0,다음거래일 시가
2024-12-11,2024-12-10,매도,전량회수 신호,금융,대장주,현재대장,105560,KB금융,3,83,82800.0,6872400.0,15807.0,-398159.0,97814913.0,다음거래일 시가
2024-12-13,2024-12-12,매수,2등대표주 1차,전력/전선/인프라,2등대표주,현재2등대표,298040,효성중공업,1,14,440000.0,6160000.0,14168.0,0.0,91640745.0,다음거래일 시가
2024-12-13,2024-12-12,매수,대장주 1차,전력/전선/인프라,대장주,현재대장,267260,HD현대일렉트릭,1,33,372500.0,12292500.0,28273.0,0.0,79319972.0,다음거래일 시가
2024-12-27,2024-12-26,매도,전량회수 신호,전력/전선/인프라,2등대표주,현재2등대표,298040,효성중공업,1,14,391000.0,5474000.0,12590.0,-712758.0,84781382.0,다음거래일 시가
2025-01-10,2025-01-09,매도,대장주 +10% 1차익절,전력/전선/인프라,대장주,현재대장,267260,HD현대일렉트릭,1,17,406000.0,6902000.0,15875.0,539061.0,91667507.0,다음거래일 시가
2025-01-10,2025-01-09,매수,2등대표주 1차,전력/전선/인프라,2등대표주,현재2등대표,010120,LS ELECTRIC,1,175,36300.0,6352500.0,14611.0,0.0,85300396.0,다음거래일 시가
2025-01-17,2025-01-16,매도,2등대표주 +5% 익절,전력/전선/인프라,2등대표주,현재대장,010120,LS ELECTRIC,1,175,41900.0,7332500.0,16865.0,948524.0,92616031.0,다음거래일 시가
2025-01-31,2025-01-24,매도,대장주 +18% 전량익절,전력/전선/인프라,대장주,현재대장,267260,HD현대일렉트릭,1,16,412500.0,6600000.0,15180.0,611112.0,99200851.0,다음거래일 시가
2025-01-31,2025-01-24,매수,2등대표주 1차,방산/우주,2등대표주,현재2등대표,064350,현대로템,1,107,59600.0,6377200.0,14668.0,0.0,92808984.0,다음거래일 시가
2025-02-05,2025-02-04,매수,대장주 1차,방산/우주,대장주,현재대장,079550,LIG넥스원,1,51,248000.0,12648000.0,29090.0,0.0,80131894.0,다음거래일 시가
2025-02-07,2025-02-06,매도,2등대표주 +5% 익절,방산/우주,2등대표주,현재대장,064350,현대로템,1,107,74000.0,7918000.0,18211.0,1507921.0,88031682.0,다음거래일 시가
2025-02-13,2025-02-12,매도,대장주 +10% 1차익절,방산/우주,대장주,현재회전형,079550,LIG넥스원,1,26,285500.0,7423000.0,17073.0,943097.0,95437609.0,다음거래일 시가
2025-02-17,2025-02-14,매도,일부팔기/발빼기 신호,방산/우주,대장주,현재회전형,079550,LIG넥스원,1,13,285000.0,3705000.0,8522.0,465063.0,99134088.0,다음거래일 시가
2025-02-19,2025-02-18,매도,대장주 +18% 전량익절,방산/우주,대장주,현재2등대표,079550,LIG넥스원,1,12,307000.0,3684000.0,8473.0,692682.0,102809615.0,다음거래일 시가
2025-02-20,2025-02-19,매수,2등대표주 1차,2차전지,2등대표주,현재2등대표,006400,삼성SDI,1,29,220771.0,6402359.0,14725.0,0.0,96392530.0,다음거래일 시가
2025-02-20,2025-02-19,매수,대장주 1차,2차전지,대장주,현재대장,373220,LG에너지솔루션,1,35,367500.0,12862500.0,29584.0,0.0,83500446.0,다음거래일 시가
2025-02-25,2025-02-24,매도,2등대표주 +5% 익절,2차전지,2등대표주,현재대장,006400,삼성SDI,1,29,238394.0,6913426.0,15901.0,480441.0,90397971.0,다음거래일 시가
2025-03-05,2025-03-04,매도,대장주 역할이탈 손실축소 -8% 일부회수,자동차,대장주,현재2등대표,005380,현대차,2,18,191800.0,3452400.0,7941.0,-389338.0,93842431.0,다음거래일 시가
2025-03-05,2025-03-04,매도,대장주 역할이탈 손실축소 -8% 일부회수,2차전지,대장주,현재2등대표,373220,LG에너지솔루션,1,18,336000.0,6048000.0,13910.0,-596125.0,99876521.0,다음거래일 시가
2025-03-06,2025-03-05,매도,대장주 역할이탈 손실축소 -8% 일부회수,2차전지,대장주,현재2등대표,373220,LG에너지솔루션,1,9,337500.0,3037500.0,6986.0,-284594.0,102907034.0,다음거래일 시가
2025-03-07,2025-03-06,매도,대장주 역할이탈 손실축소 -8% 일부회수,2차전지,대장주,현재2등대표,373220,LG에너지솔루션,1,4,331000.0,1324000.0,3045.0,-152426.0,104227989.0,다음거래일 시가
2025-03-12,2025-03-11,매도,대장주 역할이탈 손실축소 -8% 일부회수,자동차,대장주,현재2등대표,005380,현대차,2,9,195800.0,1762200.0,4053.0,-158752.0,105986136.0,다음거래일 시가
2025-03-17,2025-03-14,매도,대장주 역할이탈 손실축소 -8% 일부회수,2차전지,대장주,현재2등대표,373220,LG에너지솔루션,1,2,328000.0,656000.0,1509.0,-82199.0,106640627.0,다음거래일 시가
2025-03-18,2025-03-17,매도,대장주 역할이탈 손실축소 -8% 일부회수,2차전지,대장주,현재2등대표,373220,LG에너지솔루션,1,1,326500.0,326500.0,751.0,-42596.0,106966376.0,다음거래일 시가
2025-03-19,2025-03-18,매도,대장주 역할이탈 손실축소 -8% 일부회수,2차전지,대장주,현재2등대표,373220,LG에너지솔루션,1,1,326000.0,326000.0,750.0,-43095.0,107291626.0,다음거래일 시가
2025-03-31,2025-03-28,매도,일부팔기/발빼기 신호,자동차,대장주,현재대장,005380,현대차,2,5,199900.0,999500.0,2299.0,-67743.0,108288828.0,다음거래일 시가
2025-04-02,2025-04-01,매도,전량회수 신호,자동차,대장주,현재대장,005380,현대차,2,4,198800.0,795200.0,1829.0,-58584.0,109082199.0,다음거래일 시가
2025-04-09,2025-04-08,매수,대장주 1차,금융,대장주,현재대장,105560,KB금융,1,77,70500.0,5428500.0,12486.0,0.0,103641213.0,다음거래일 시가
2025-04-10,2025-04-09,매수,대장주 1차,엔터/게임,대장주,현재대장,352820,하이브,1,24,222500.0,5340000.0,12282.0,0.0,98288931.0,다음거래일 시가
2025-04-16,2025-04-15,매도,대장주 +10% 1차익절,금융,대장주,현재2등대표,105560,KB금융,1,39,78500.0,3061500.0,7041.0,298635.0,101343390.0,다음거래일 시가
2025-04-23,2025-04-22,매도,대장주 +18% 전량익절,금융,대장주,현재대장,105560,KB금융,1,38,84400.0,3207200.0,7377.0,514662.0,104543213.0,다음거래일 시가
2025-04-23,2025-04-22,매수,대장주 1차,인터넷/소프트웨어,대장주,현재대장,035420,NAVER,1,28,196000.0,5488000.0,12622.0,0.0,99042591.0,다음거래일 시가
2025-04-29,2025-04-28,매도,대장주 +10% 1차익절,엔터/게임,대장주,현재대장,352820,하이브,1,12,250000.0,3000000.0,6900.0,316959.0,102035691.0,다음거래일 시가
2025-05-02,2025-04-30,매도,대장주 +18% 전량익절,엔터/게임,대장주,현재대장,352820,하이브,1,12,268500.0,3222000.0,7411.0,538448.0,105250280.0,다음거래일 시가
2025-05-08,2025-05-07,매수,2등대표주 1차,운송/해운,2등대표주,현재2등대표,086280,현대글로비스,1,63,105000.0,6615000.0,15214.0,0.0,98620066.0,다음거래일 시가
2025-05-08,2025-05-07,매수,대장주 1차,운송/해운,대장주,현재대장,003490,대한항공,1,587,22650.0,13295550.0,30580.0,0.0,85293936.0,다음거래일 시가
2025-05-08,2025-05-07,매수,2등대표주 1차,인터넷/소프트웨어,2등대표주,현재2등대표,035720,카카오,1,174,38200.0,6646800.0,15288.0,0.0,78631848.0,다음거래일 시가
2025-05-13,2025-05-12,매수,대장주 1차,운송/해운,대장주,현재대장,011200,HMM,1,680,19510.0,13266800.0,30514.0,0.0,65334535.0,다음거래일 시가
2025-05-14,2025-05-13,매도,2등대표주 +5% 익절,운송/해운,2등대표주,현재2등대표,086280,현대글로비스,1,63,113600.0,7156800.0,16461.0,510125.0,72474874.0,다음거래일 시가
2025-05-16,2025-05-15,매도,대장주 +10% 1차익절,운송/해운,대장주,현재대장,011200,HMM,1,340,22250.0,7565000.0,17400.0,898944.0,80022474.0,다음거래일 시가
2025-05-20,2025-05-19,매도,일부팔기/발빼기 신호,운송/해운,대장주,현재대장,011200,HMM,1,170,23000.0,3910000.0,8993.0,576679.0,83923481.0,다음거래일 시가
2025-05-20,2025-05-19,매수,2등대표주 2차 눌림,인터넷/소프트웨어,2등대표주,현재2등대표,035420,NAVER,2,21,185800.0,3901800.0,8974.0,0.0,80012707.0,다음거래일 시가
2025-05-28,2025-05-27,매도,2등대표주 +5% 익절,인터넷/소프트웨어,2등대표주,현재대장,035720,카카오,1,174,40950.0,7125300.0,16388.0,446824.0,87121619.0,다음거래일 시가
2025-05-30,2025-05-29,매수,대장주 1차,인터넷/소프트웨어,대장주,현재대장,035720,카카오,1,312,43650.0,13618800.0,31323.0,0.0,73471496.0,다음거래일 시가
2025-06-10,2025-06-09,매도,대장주 +10% 1차익절,인터넷/소프트웨어,대장주,현재대장,035720,카카오,1,156,53300.0,8314800.0,19124.0,1470614.0,81767172.0,다음거래일 시가
2025-06-13,2025-06-12,매도,일부팔기/발빼기 신호,인터넷/소프트웨어,대장주,현재대장,035720,카카오,1,78,53700.0,4188600.0,9634.0,766435.0,85946138.0,다음거래일 시가
2025-06-16,2025-06-13,매도,대장주 +18% 전량익절,운송/해운,대장주,현재대장,011200,HMM,1,170,25000.0,4250000.0,9775.0,915897.0,90186363.0,다음거래일 시가
2025-06-16,2025-06-13,매도,일부팔기/발빼기 신호,인터넷/소프트웨어,대장주,현재대장,035720,카카오,1,39,51300.0,2000700.0,4602.0,289833.0,92182461.0,다음거래일 시가
2025-06-16,2025-06-13,매수,2등대표주 2차 눌림,운송/해운,2등대표주,현재2등대표,003490,대한항공,2,229,21300.0,4877700.0,11219.0,0.0,87293543.0,다음거래일 시가
2025-06-17,2025-06-16,매도,2등대표주 +5% 익절,인터넷/소프트웨어,2등대표주,현재2등대표,035420,NAVER,2,49,212000.0,10388000.0,23892.0,952711.0,97657650.0,다음거래일 시가
2025-06-17,2025-06-16,매도,대장주 +18% 전량익절,인터넷/소프트웨어,대장주,현재대장,035720,카카오,1,39,53800.0,2098200.0,4826.0,387109.0,99751024.0,다음거래일 시가
2025-06-18,2025-06-17,매도,전량회수 신호,운송/해운,2등대표주,감시,003490,대한항공,2,816,21200.0,17299200.0,39788.0,-955637.0,117010436.0,다음거래일 시가
2025-06-19,2025-06-18,매수,대장주 1차,화학/정유,대장주,현재대장,096770,SK이노베이션,1,163,100200.0,16332600.0,37565.0,0.0,100640271.0,다음거래일 시가
2025-06-23,2025-06-20,매수,2등대표주 1차,2차전지,2등대표주,현재2등대표,373220,LG에너지솔루션,1,27,298500.0,8059500.0,18537.0,0.0,92562234.0,다음거래일 시가
2025-06-23,2025-06-20,매수,대장주 1차,2차전지,대장주,현재대장,006400,삼성SDI,1,95,172800.0,16416000.0,37757.0,0.0,76108478.0,다음거래일 시가
2025-07-01,2025-06-30,매도,대장주 +18% 전량익절,화학/정유,대장주,현재대장,096770,SK이노베이션,1,163,121700.0,19837100.0,45625.0,3421310.0,95899952.0,다음거래일 시가
2025-07-01,2025-06-30,매수,2등대표주 1차,화학/정유,2등대표주,현재2등대표,010950,S-Oil,1,140,60100.0,8414000.0,19352.0,0.0,87466600.0,다음거래일 시가
2025-07-02,2025-07-01,매수,대장주 1차,2차전지,대장주,현재대장,051910,LG화학,1,51,227000.0,11577000.0,26627.0,0.0,75862973.0,다음거래일 시가
2025-07-02,2025-07-01,매수,대장주 1차,화학/정유,대장주,현재대장,096770,SK이노베이션,1,139,121200.0,16846800.0,38748.0,0.0,58977425.0,다음거래일 시가
2025-07-04,2025-07-03,매도,2등대표주 +5% 익절,2차전지,2등대표주,현재2등대표,373220,LG에너지솔루션,1,27,313000.0,8451000.0,19437.0,353526.0,67408988.0,다음거래일 시가
2025-07-04,2025-07-03,매도,대장주 +10% 1차익절,2차전지,대장주,현재대장,051910,LG화학,1,26,251000.0,6526000.0,15010.0,595416.0,73919978.0,다음거래일 시가
2025-07-04,2025-07-03,매도,일부팔기/발빼기 신호,화학/정유,대장주,현재대장,096770,SK이노베이션,1,70,116500.0,8155000.0,18756.0,-367270.0,82056222.0,다음거래일 시가
2025-07-07,2025-07-04,매도,일부팔기/발빼기 신호,화학/정유,대장주,현재대장,096770,SK이노베이션,1,35,113800.0,3983000.0,9161.0,-277918.0,86030061.0,다음거래일 시가
2025-07-08,2025-07-07,매도,전량회수 신호,화학/정유,대장주,현재대장,096770,SK이노베이션,1,34,113000.0,3842000.0,8837.0,-297114.0,89863224.0,다음거래일 시가
2025-07-08,2025-07-07,매도,일부팔기/발빼기 신호,2차전지,대장주,현재2등대표,051910,LG화학,1,13,255000.0,3315000.0,7624.0,349588.0,93170600.0,다음거래일 시가
2025-07-10,2025-07-09,매도,2등대표주 +5% 익절,화학/정유,2등대표주,현재2등대표,010950,S-Oil,1,140,63400.0,8876000.0,20415.0,422233.0,102026185.0,다음거래일 시가
2025-07-10,2025-07-09,매수,2등대표주 1차,자동차,2등대표주,현재2등대표,000270,기아,1,72,99900.0,7192800.0,16543.0,0.0,94816842.0,다음거래일 시가
2025-07-10,2025-07-09,매수,대장주 1차,자동차,대장주,현재대장,005380,현대차,1,69,210000.0,14490000.0,33327.0,0.0,80293515.0,다음거래일 시가
2025-07-11,2025-07-10,매도,대장주 +18% 전량익절,2차전지,대장주,현재2등대표,051910,LG화학,1,12,277000.0,3324000.0,7645.0,586090.0,83609869.0,다음거래일 시가
2025-07-11,2025-07-10,매수,대장주 1차,2차전지,대장주,현재대장,373220,LG에너지솔루션,1,46,316000.0,14536000.0,33433.0,0.0,69040437.0,다음거래일 시가
2025-07-24,2025-07-23,매도,2등대표주 +5% 익절,자동차,2등대표주,현재2등대표,000270,기아,1,72,107200.0,7718400.0,17752.0,491304.0,76741084.0,다음거래일 시가
2025-07-25,2025-07-24,매도,대장주 +10% 1차익절,2차전지,대장주,현재대장,373220,LG에너지솔루션,1,23,363500.0,8360500.0,19229.0,1056554.0,85082355.0,다음거래일 시가
2025-07-29,2025-07-28,매도,대장주 +10% 1차익절,2차전지,대장주,현재2등대표,006400,삼성SDI,1,48,192200.0,9225600.0,21219.0,890904.0,94286736.0,다음거래일 시가
2025-07-29,2025-07-28,매도,대장주 +18% 전량익절,2차전지,대장주,현재대장,373220,LG에너지솔루션,1,23,373000.0,8579000.0,19732.0,1274552.0,102846005.0,다음거래일 시가
2025-07-31,2025-07-30,매도,대장주 +18% 전량익절,2차전지,대장주,현재대장,006400,삼성SDI,1,47,212500.0,9987500.0,22971.0,1824249.0,112810533.0,다음거래일 시가
2025-08-01,2025-07-31,매수,2등대표주 1차,지주/밸류업,2등대표주,현재2등대표,028260,삼성물산,1,46,166300.0,7649800.0,17595.0,0.0,105143139.0,다음거래일 시가
2025-08-01,2025-07-31,매수,대장주 1차,지주/밸류업,대장주,현재대장,000150,두산,1,25,591000.0,14775000.0,33982.0,0.0,90334156.0,다음거래일 시가
2025-08-06,2025-08-05,매도,전량회수 신호,지주/밸류업,2등대표주,감시,028260,삼성물산,1,46,161100.0,7410600.0,17044.0,-273839.0,97727712.0,다음거래일 시가
2025-08-07,2025-08-06,매도,전량회수 신호,자동차,대장주,현재대장,005380,현대차,1,69,213500.0,14731500.0,33882.0,174291.0,112425329.0,다음거래일 시가
2025-09-02,2025-09-01,매도,전량회수 신호,지주/밸류업,대장주,현재대장,000150,두산,1,25,539000.0,13475000.0,30992.0,-1364975.0,125869337.0,다음거래일 시가
2025-09-11,2025-09-10,매수,2등대표주 1차,금융,2등대표주,현재2등대표,055550,신한지주,1,112,67200.0,7526400.0,17311.0,0.0,118325626.0,다음거래일 시가
2025-09-11,2025-09-10,매수,대장주 1차,금융,대장주,현재대장,105560,KB금융,1,129,117000.0,15093000.0,34714.0,0.0,103197912.0,다음거래일 시가
2025-09-11,2025-09-10,매수,2등대표주 1차,엔터/게임,2등대표주,현재2등대표,352820,하이브,1,26,290000.0,7540000.0,17342.0,0.0,95640570.0,다음거래일 시가
2025-09-11,2025-09-10,매수,대장주 1차,엔터/게임,대장주,현재대장,035900,JYP Ent.,1,197,76700.0,15109900.0,34753.0,0.0,80495918.0,다음거래일 시가
2025-09-12,2025-09-11,매수,대장주 1차,금융,대장주,현재대장,086790,하나금융지주,1,167,89400.0,14929800.0,34339.0,0.0,65531779.0,다음거래일 시가
2025-09-17,2025-09-16,매도,2등대표주 +5% 익절,금융,2등대표주,현재2등대표,055550,신한지주,1,112,70500.0,7896000.0,18161.0,334128.0,73409618.0,다음거래일 시가
2025-09-22,2025-09-19,매수,대장주 1차,금융,대장주,현재대장,055550,신한지주,1,112,69800.0,7817600.0,17980.0,0.0,65574038.0,다음거래일 시가
2025-09-25,2025-09-24,매수,대장주 2차 눌림,엔터/게임,대장주,현재대장,352820,하이브,2,31,275500.0,8540500.0,19643.0,0.0,57013895.0,다음거래일 시가
2025-09-30,2025-09-29,매도,전량회수 신호,엔터/게임,대장주,현재대장,352820,하이브,2,57,270000.0,15390000.0,35397.0,-762882.0,72368498.0,다음거래일 시가
2025-10-20,2025-10-17,매수,2등대표주 2차 눌림,엔터/게임,2등대표주,현재2등대표,035900,JYP Ent.,2,72,72000.0,5184000.0,11923.0,0.0,67172574.0,다음거래일 시가
2025-10-21,2025-10-20,매도,전량회수 신호,엔터/게임,2등대표주,현재2등대표,035900,JYP Ent.,2,269,72900.0,19610100.0,45103.0,-775579.0,86737571.0,다음거래일 시가
2025-10-21,2025-10-20,매수,대장주 1차,화장품,대장주,현재대장,278470,APR,1,74,234500.0,17353000.0,39912.0,0.0,69344659.0,다음거래일 시가
2025-11-04,2025-11-03,매도,대장주 +10% 1차익절,화장품,대장주,현재대장,278470,APR,1,37,270500.0,10008500.0,23020.0,1289024.0,79330140.0,다음거래일 시가
2025-11-07,2025-11-06,매도,대장주 +10% 1차익절,금융,대장주,현재회전형,055550,신한지주,1,56,80700.0,4519200.0,10394.0,591016.0,83838945.0,다음거래일 시가
2025-11-07,2025-11-06,매수,대장주 재진입허용 1차,화장품,대장주,현재대장,278470,APR,1,37,237500.0,8787500.0,20211.0,0.0,75031234.0,다음거래일 시가
2025-11-10,2025-11-07,매수,2등대표주 1차,화장품,2등대표주,현재2등대표,090430,아모레퍼시픽,1,69,128200.0,8845800.0,20345.0,0.0,66165089.0,다음거래일 시가
2025-11-11,2025-11-10,매도,대장주 +10% 1차익절,금융,대장주,현재대장,105560,KB금융,1,65,130000.0,8450000.0,19435.0,808074.0,74595654.0,다음거래일 시가
2025-11-12,2025-11-11,매수,대장주 2차 눌림,화장품,대장주,현재대장,278470,APR,2,41,213000.0,8733000.0,20086.0,0.0,65842568.0,다음거래일 시가
2025-11-13,2025-11-12,매도,전량회수 신호,화장품,대장주,현재대장,278470,APR,2,115,211500.0,24322500.0,55942.0,-1990695.0,90109126.0,다음거래일 시가
2025-11-21,2025-11-20,매수,대장주 1차,화장품,대장주,현재대장,278470,APR,1,62,242000.0,15004000.0,34509.0,0.0,75070617.0,다음거래일 시가
2025-11-26,2025-11-25,매도,일부팔기/발빼기 신호,화장품,대장주,현재대장,278470,APR,1,31,253000.0,7843000.0,18039.0,305706.0,82895578.0,다음거래일 시가
2025-12-09,2025-12-08,매도,대장주 +10% 1차익절,화장품,대장주,현재대장,278470,APR,1,16,268000.0,4288000.0,9862.0,397232.0,87173716.0,다음거래일 시가
2025-12-18,2025-12-17,매수,2등대표주 2차 눌림,화장품,2등대표주,현재2등대표,090430,아모레퍼시픽,2,37,121400.0,4491800.0,10331.0,0.0,82671585.0,다음거래일 시가
2026-01-02,2025-12-30,매도,2등대표주 역할이탈 손실축소 -5% 전량회수,화장품,2등대표주,감시,090430,아모레퍼시픽,2,106,122000.0,12932000.0,29744.0,-466020.0,95573841.0,다음거래일 시가
2026-01-07,2026-01-06,매수,대장주 2차 눌림,화장품,대장주,현재대장,278470,APR,2,40,217500.0,8700000.0,20010.0,0.0,86853831.0,다음거래일 시가
2026-01-13,2026-01-12,매도,전량회수 신호,화장품,대장주,현재대장,278470,APR,2,55,223500.0,12292500.0,28273.0,-94132.0,99118058.0,다음거래일 시가
2026-01-13,2026-01-12,매수,2등대표주 1차,건설,2등대표주,현재2등대표,028050,삼성E&A,1,349,25500.0,8899500.0,20469.0,0.0,90198089.0,다음거래일 시가
2026-01-21,2026-01-20,매도,대장주 +10% 1차익절,금융,대장주,현재회전형,086790,하나금융지주,1,84,100000.0,8400000.0,19320.0,853808.0,98578769.0,다음거래일 시가
2026-01-21,2026-01-20,매수,대장주 재진입허용 1차,금융,대장주,현재대장,105560,KB금융,1,68,131900.0,8969200.0,20629.0,0.0,89588940.0,다음거래일 시가
2026-01-23,2026-01-22,매도,대장주 +18% 전량익절,금융,대장주,현재2등대표,055550,신한지주,1,56,83000.0,4648000.0,10690.0,719519.0,94226250.0,다음거래일 시가
2026-01-26,2026-01-23,매도,2등대표주 +5% 익절,건설,2등대표주,현재회전형,028050,삼성E&A,1,349,27800.0,9702200.0,22315.0,759916.0,103906135.0,다음거래일 시가
2026-01-26,2026-01-23,매수,대장주 1차,조선/기계,대장주,현재대장,042660,한화오션,1,128,142300.0,18214400.0,41893.0,0.0,85649842.0,다음거래일 시가
2026-01-28,2026-01-27,매수,2등대표주 1차,금융,2등대표주,현재2등대표,055550,신한지주,1,108,84900.0,9169200.0,21089.0,0.0,76459553.0,다음거래일 시가
2026-02-04,2026-02-03,매도,대장주 +18% 전량익절,금융,대장주,감시,086790,하나금융지주,1,83,111900.0,9287700.0,21362.0,1829072.0,85725891.0,다음거래일 시가
2026-02-05,2026-02-04,매도,2등대표주 +5% 익절,금융,2등대표주,현재2등대표,055550,신한지주,1,108,90300.0,9752400.0,22431.0,539680.0,95455860.0,다음거래일 시가
2026-02-09,2026-02-06,매도,대장주 +18% 전량익절,금융,대장주,현재대장,105560,KB금융,1,132,150500.0,19866000.0,45692.0,3325257.0,115276168.0,다음거래일 시가
2026-02-09,2026-02-06,매수,대장주 1차,엔터/게임,대장주,현재대장,352820,하이브,1,50,364500.0,18225000.0,41918.0,0.0,97009251.0,다음거래일 시가
2026-02-10,2026-02-09,매수,2등대표주 2차 눌림,조선/기계,2등대표주,현재2등대표,042660,한화오션,2,41,134700.0,5522700.0,12702.0,0.0,91473849.0,다음거래일 시가
2026-02-11,2026-02-10,매도,2등대표주 역할이탈 손실축소 -5% 전량회수,조선/기계,2등대표주,감시,042660,한화오션,2,169,131100.0,22155900.0,50959.0,-1686754.0,113578790.0,다음거래일 시가
2026-02-11,2026-02-10,매수,대장주 1차,방산/우주,대장주,현재대장,012450,한화에어로스페이스,1,16,1153000.0,18448000.0,42430.0,0.0,95088360.0,다음거래일 시가
2026-02-20,2026-02-19,매도,대장주 +10% 1차익절,엔터/게임,대장주,현재대장,352820,하이브,1,25,402500.0,10062500.0,23144.0,905898.0,105127716.0,다음거래일 시가
2026-02-23,2026-02-20,매수,2등대표주 1차,방산/우주,2등대표주,현재2등대표,064350,현대로템,1,43,218000.0,9374000.0,21560.0,0.0,95732156.0,다음거래일 시가
2026-03-03,2026-02-27,매도,2등대표주 +5% 익절,방산/우주,2등대표주,현재대장,064350,현대로템,1,43,256500.0,11029500.0,25368.0,1608572.0,106736288.0,다음거래일 시가
2026-03-04,2026-03-03,매도,대장주 +18% 전량익절,방산/우주,대장주,현재대장,012450,한화에어로스페이스,1,16,1526000.0,24416000.0,56157.0,5869413.0,131096131.0,다음거래일 시가
2026-03-06,2026-03-05,매수,대장주 2차 눌림,엔터/게임,대장주,현재대장,352820,하이브,2,24,340000.0,8160000.0,18768.0,0.0,122917363.0,다음거래일 시가
2026-03-06,2026-03-05,매수,대장주 1차,화학/정유,대장주,현재대장,010950,S-Oil,1,118,141700.0,16720600.0,38457.0,0.0,106158306.0,다음거래일 시가
2026-03-09,2026-03-06,매도,전량회수 신호,엔터/게임,대장주,현재대장,352820,하이브,2,49,330000.0,16170000.0,37191.0,-1179418.0,122291115.0,다음거래일 시가
2026-03-10,2026-03-09,매도,일부팔기/발빼기 신호,화학/정유,대장주,현재대장,010950,S-Oil,1,59,119000.0,7021000.0,16148.0,-1374677.0,129295967.0,다음거래일 시가
2026-03-11,2026-03-10,매도,전량회수 신호,화학/정유,대장주,현재대장,010950,S-Oil,1,59,114100.0,6731900.0,15483.0,-1663112.0,136012383.0,다음거래일 시가
2026-03-12,2026-03-11,매수,2등대표주 1차,조선/기계,2등대표주,현재2등대표,009540,HD한국조선해양,1,22,416000.0,9152000.0,21050.0,0.0,126839334.0,다음거래일 시가
2026-03-13,2026-03-12,매수,2등대표주 1차,건설,2등대표주,현재2등대표,000720,현대건설,1,62,152800.0,9473600.0,21789.0,0.0,117343944.0,다음거래일 시가
2026-03-16,2026-03-13,매도,2등대표주 +5% 익절,건설,2등대표주,현재2등대표,000720,현대건설,1,62,166400.0,10316800.0,23729.0,797682.0,127637016.0,다음거래일 시가
2026-03-16,2026-03-13,매수,2등대표주 1차,금융,2등대표주,현재2등대표,105560,KB금융,1,54,149300.0,8062200.0,18543.0,0.0,119556273.0,다음거래일 시가
2026-03-16,2026-03-13,매수,대장주 1차,금융,대장주,현재대장,055550,신한지주,1,182,89900.0,16361800.0,37632.0,0.0,103156840.0,다음거래일 시가
2026-03-24,2026-03-23,매도,2등대표주 역할이탈 손실축소 -5% 전량회수,조선/기계,2등대표주,감시,009540,HD한국조선해양,1,22,380000.0,8360000.0,19228.0,-832278.0,111497612.0,다음거래일 시가
2026-03-25,2026-03-24,매수,대장주 1차,2차전지,대장주,현재대장,373220,LG에너지솔루션,1,17,392000.0,6664000.0,15327.0,0.0,104818285.0,다음거래일 시가
2026-04-10,2026-04-09,매수,대장주 1차,2차전지,대장주,현재대장,006400,삼성SDI,1,34,483000.0,16422000.0,37771.0,0.0,88358515.0,다음거래일 시가
2026-04-13,2026-04-10,매도,2등대표주 +5% 익절,금융,2등대표주,현재대장,105560,KB금융,1,54,156800.0,8467200.0,19475.0,366982.0,96806240.0,다음거래일 시가
2026-04-13,2026-04-10,매도,일부팔기/발빼기 신호,2차전지,대장주,현재대장,006400,삼성SDI,1,17,476500.0,8100500.0,18631.0,-148016.0,104888109.0,다음거래일 시가
2026-04-14,2026-04-13,매도,일부팔기/발빼기 신호,2차전지,대장주,현재대장,006400,삼성SDI,1,9,485500.0,4369500.0,10050.0,2452.0,109247559.0,다음거래일 시가
2026-04-16,2026-04-15,매도,대장주 +10% 1차익절,금융,대장주,현재2등대표,055550,신한지주,1,91,101200.0,9209200.0,21181.0,988303.0,118435578.0,다음거래일 시가
2026-04-16,2026-04-15,매수,대장주 1차,금융,대장주,현재대장,105560,KB금융,1,103,161000.0,16583000.0,38141.0,0.0,101814437.0,다음거래일 시가
2026-04-21,2026-04-20,매도,대장주 +10% 1차익절,2차전지,대장주,현재대장,006400,삼성SDI,1,4,570000.0,2280000.0,5244.0,338312.0,104089193.0,다음거래일 시가
2026-04-22,2026-04-21,매도,대장주 +18% 전량익절,2차전지,대장주,현재대장,006400,삼성SDI,1,4,686000.0,2744000.0,6311.0,801245.0,106826882.0,다음거래일 시가
2026-04-22,2026-04-21,매도,대장주 +18% 전량익절,2차전지,대장주,현재2등대표,373220,LG에너지솔루션,1,17,491500.0,8355500.0,19218.0,1656955.0,115163164.0,다음거래일 시가
2026-04-22,2026-04-21,매수,2등대표주 1차,철강/비철,2등대표주,현재2등대표,004020,현대제철,1,243,40400.0,9817200.0,22580.0,0.0,105323385.0,다음거래일 시가
2026-04-28,2026-04-27,매도,2등대표주 +5% 익절,철강/비철,2등대표주,현재2등대표,004020,현대제철,1,243,44250.0,10752750.0,24731.0,888239.0,116051403.0,다음거래일 시가
2026-04-28,2026-04-27,매수,2등대표주 1차,로봇,2등대표주,현재2등대표,319400,현대무벡스,1,305,32350.0,9866750.0,22694.0,0.0,106161960.0,다음거래일 시가
2026-04-28,2026-04-27,매수,대장주 1차,로봇,대장주,현재대장,277810,레인보우로보틱스,1,28,693000.0,19404000.0,44629.0,0.0,86713331.0,다음거래일 시가
2026-05-04,2026-04-30,매수,대장주 1차,로봇,대장주,현재대장,454910,두산로보틱스,1,113,112400.0,12701200.0,29213.0,0.0,73982918.0,다음거래일 시가
2026-05-11,2026-05-08,매도,2등대표주 +5% 익절,로봇,2등대표주,현재대장,319400,현대무벡스,1,305,38100.0,11620500.0,26727.0,1704329.0,85576691.0,다음거래일 시가
2026-05-11,2026-05-08,매도,대장주 +10% 1차익절,로봇,대장주,현재2등대표,277810,레인보우로보틱스,1,14,786000.0,11004000.0,25309.0,1254376.0,96555381.0,다음거래일 시가
2026-05-11,2026-05-08,매도,대장주 역할이탈 손실축소 -8% 일부회수,로봇,대장주,감시,454910,두산로보틱스,1,57,101000.0,5757000.0,13241.0,-677777.0,102299140.0,다음거래일 시가
2026-05-12,2026-05-11,매도,대장주 +18% 전량익절,로봇,대장주,현재대장,277810,레인보우로보틱스,1,14,886000.0,12404000.0,28529.0,2651156.0,114674611.0,다음거래일 시가
2026-05-12,2026-05-11,매도,전량회수 신호,로봇,대장주,감시,454910,두산로보틱스,1,56,107700.0,6031200.0,13872.0,-291549.0,120691939.0,다음거래일 시가
2026-05-13,2026-05-12,매수,2등대표주 1차,2차전지,2등대표주,현재2등대표,051910,LG화학,1,25,395000.0,9875000.0,22712.0,0.0,110794227.0,다음거래일 시가
2026-05-13,2026-05-12,매수,대장주 1차,2차전지,대장주,현재대장,006400,삼성SDI,1,33,612000.0,20196000.0,46451.0,0.0,90551776.0,다음거래일 시가
2026-05-13,2026-05-12,매수,대장주 2차 눌림,금융,대장주,현재대장,105560,KB금융,2,66,152800.0,10084800.0,23195.0,0.0,80443781.0,다음거래일 시가
2026-05-18,2026-05-15,매도,2등대표주 역할이탈 손실축소 -5% 전량회수,2차전지,2등대표주,감시,051910,LG화학,1,25,378500.0,9462500.0,21764.0,-456976.0,89884517.0,다음거래일 시가
2026-05-19,2026-05-18,매도,전량회수 신호,2차전지,대장주,현재대장,006400,삼성SDI,1,33,612000.0,20196000.0,46451.0,-92902.0,110034066.0,다음거래일 시가
2026-05-20,2026-05-19,매수,2등대표주 1차,방산/우주,2등대표주,현재2등대표,079550,LIG넥스원,1,11,862000.0,9482000.0,21809.0,0.0,100530258.0,다음거래일 시가
2026-05-20,2026-05-19,매수,대장주 1차,방산/우주,대장주,현재대장,012450,한화에어로스페이스,1,15,1295000.0,19425000.0,44678.0,0.0,81060580.0,다음거래일 시가
2026-05-26,2026-05-22,매도,2등대표주 +5% 익절,방산/우주,2등대표주,현재2등대표,079550,LIG넥스원,1,11,918000.0,10098000.0,23225.0,570966.0,91135355.0,다음거래일 시가
2026-05-29,2026-05-28,매수,대장주 2차 눌림,방산/우주,대장주,현재대장,012450,한화에어로스페이스,2,8,1210000.0,9680000.0,22264.0,0.0,81433091.0,다음거래일 시가
2026-06-02,2026-06-01,매수,대장주 3차 눌림,방산/우주,대장주,현재대장,012450,한화에어로스페이스,3,5,1111000.0,5555000.0,12776.0,0.0,75865314.0,다음거래일 시가
2026-06-08,2026-06-05,매도,대장주 +18% 전량익절,금융,대장주,현재2등대표,055550,신한지주,1,91,104700.0,9527700.0,21914.0,1306070.0,85371101.0,다음거래일 시가
2026-06-08,2026-06-05,매도,전량회수 신호,방산/우주,대장주,현재대장,012450,한화에어로스페이스,3,28,955000.0,26740000.0,61502.0,-8061220.0,112049599.0,다음거래일 시가
2026-06-12,2026-06-11,매수,대장주 1차,지주/밸류업,대장주,현재대장,402340,SK스퀘어,1,12,1349000.0,16188000.0,37232.0,0.0,95824366.0,다음거래일 시가
2026-06-17,2026-06-16,매도,대장주 +10% 1차익절,지주/밸류업,대장주,현재대장,402340,SK스퀘어,1,6,1534000.0,9204000.0,21169.0,1070215.0,105007197.0,다음거래일 시가
2026-06-18,2026-06-17,매도,대장주 +18% 전량익절,지주/밸류업,대장주,현재대장,402340,SK스퀘어,1,6,1656000.0,9936000.0,22853.0,1800531.0,114920344.0,다음거래일 시가
2026-06-18,2026-06-17,매수,대장주 1차,조선/기계,대장주,현재대장,042660,한화오션,1,151,132200.0,19962200.0,45913.0,0.0,94912231.0,다음거래일 시가
2026-06-19,2026-06-18,매도,일부팔기/발빼기 신호,조선/기계,대장주,현재대장,042660,한화오션,1,76,125400.0,9530400.0,21920.0,-561828.0,104420711.0,다음거래일 시가
2026-06-22,2026-06-19,매수,대장주 2차 눌림,조선/기계,대장주,현재대장,042660,한화오션,2,78,125100.0,9757800.0,22443.0,0.0,94640468.0,다음거래일 시가
2026-06-23,2026-06-22,매도,전량회수 신호,금융,대장주,현재대장,105560,KB금융,2,169,157400.0,26600600.0,61181.0,-189717.0,121179887.0,다음거래일 시가
2026-06-23,2026-06-22,매도,전량회수 신호,조선/기계,대장주,현재대장,042660,한화오션,2,153,118400.0,18115200.0,41665.0,-1644512.0,139253422.0,다음거래일 시가
